act_id,name_m,name_o,name_a,act_birthday,constel,blood_type,height,weight,BWH,homeplace,job,hobby
1,江藤彩也香,Sayaka Etou,,1997-09-09,处女座,A,160,0,,日本 大分县,歌手、偶像,研究发型、冲浪
2,瀬戸ひな,"濑户雏 , Hina Seto",,1997-08-01,狮子座,A,158,0,B85(D) W60 H94,日本 埼玉县,写真偶像,洗车、剑道、角色扮演
3,吉田実紀,"吉田实纪 , Miki Yoshida",,1992-11-24,射手座,,164,0,B98(K) W73 H95,日本 东京都,歌手、模特,卡拉OK、料理、糕点
4,白河花凛,"白川花凛 , Karin Shirakawa", 桐原沙生 桐原 さあり ,1993-10-18,天秤座,O,167,0,B88(E) W62 H88,日本 神奈川县,偶像,料理
5,池田ゆり,"池田由里 , Yuri Ikeda",,1992-07-26,狮子座,O,1668,0,B82 W58 H88,日本 神奈川县,模特,料理、高尔夫、格斗技、妄想
6,坂口ちな,"坂口千奈 , China Sakaguchi",,1995-05-27,双子座,,158,0,B82 W58 H88,日本 东京都,写真偶像,跳舞
7,のらねこ,Noraneko Skmz,,0000-00-00,,,0,0,,日本 东京都,Coser,动漫
8,上岡楓,"上冈枫 , Kaede Kamioka",,1997-07-18,巨蟹座,A,163,0,B87 W60 H87,日本 三重县,写真偶像,卡拉OK、半身浴、散步
9,やのあんな,"矢野杏奈 , Anna Yano",,1991-10-31,天蝎座,,154,0,B86 W60 H86,日本 神奈川县,模特、歌手,旅行、料理、照相、卡拉OK
10,菅野ゆうか,Yunka Konno,,1987-06-17,双子座,AB,153,0,B94(I) W62 H92,日本 东京都,写真偶像,读书、中医、健身
11,芳根京子,Yoko Yoshinek,,1997-02-28,双鱼座,A,159,40,,日本 东京都,演员,钢琴、长笛
12,岬愛奈,"岬爱奈 , Aina Misaki",,1994-10-21,天秤座,,154,0,B87 W59 H86,日本 长野县,写真偶像,棒球、格斗技、料理
13,月城まゆ,"月城麻由 , Mayu Tukishiro",,1994-08-03,狮子座,A,160,0,B86(F) W58 H88,日本 兵库县,写真偶像,德语、骑马、看DVD
14,愛音まりあ,"爱音麻里亚 , Aine Maria",,1996-02-22,双鱼座,A,165,0,B86(E) W59 H88,日本 神奈川县,艾薇女优,料理、角色扮演
15,ホラン千秋,"和冉千秋 , Chiaki Horan", 贺兰千秋 ,1988-09-28,天秤座,A,160,40,B86(D) W60 H89,日本 东京都多摩市,演员、主持人,英语、料理、唱歌
16,泉れおな,Reona Izumi ,,0000-00-00,,,163,47,,日本 东京都,Coser,角色扮演
17,相良朱音,Akane Sagara,,1995-11-20,天蝎座,B,148,0,B89(G) W55 H84,日本 东京都,写真偶像,读书、动画
18,中川知香,Chika Nakagawa,,1993-05-31,双子座,AB,173,0,B80 W59 H87,日本 新潟县柏崎市,演员、模特,书道、篮球
19,宮原華音,"宫原华音 , Kanonn Miyahara",,1996-04-08,白羊座,A,170,0,B82 W59 H86,日本 东京都,模特、演员,空手道
20,ほのか,"摺河洸 , Honoka",,1996-03-23,白羊座,O,160,41,B78 W59 H82,日本 神奈川县,促酒妹、模特,
21,笹本玲奈,Rena Sasamoto,,1985-06-15,双子座,O,165,48,,日本 千叶县柏市,演员,舞蹈、钢琴、骑马
22,田中道子,Michiko Tanaka,,1989-08-24,处女座,O,172,0,B80 W58 H83,日本 静冈县浜松市,模特、演员,网球、飞镖、潜水、登山、电影
23,大園桃子,"大园桃子 , Momoko Ozono",,1999-09-13,处女座,O,156,0,,日本 鹿儿岛县,偶像,
24,南りほ,Riho Minami,,1995-11-01,天蝎座,A,155,0,B78 W48 H82,日本 兵库县,演员、模特,看电影、听音乐
25,太田里織菜,"太田里织菜 , Riona Ohta",,1996-12-31,魔羯座,O,151,0,,日本 岐阜县,偶像,网球、唱歌、钢琴
26,河井玲奈,Reina Yon,,1998-11-19,天蝎座,A,160,0,B82 W65 H83,日本 兵库县,偶像,DVD、新体操
27,山本恵里伽,Erika Yamamoto,,1993-10-08,天秤座,O,164,0,,日本 熊本县,主播,流行、朗诵
28,石川夏海,Natsume Ishikawa,,1996-06-15,双子座,A,0,0,,日本 千叶县,偶像、歌手,人间观察、DVD
29,水原ゆき,"水原雪 , Yuki Minahara",,1987-12-14,射手座,A,160,0,B80(B) W59 H80,日本 神奈川县,演员,卡拉OK
30,水沢心愛,"水泽心爱 , Cocoa Mizusawa",,1998-01-29,水瓶座,B,156,0,,日本 埼玉县,偶像,美食
31,福間文香,"福间文香 , Ayaka Fukuma",,1989-01-25,水瓶座,B,170,0,B82 W58 H84,日本 奈良县,模特、艺人,料理、糕点
32,伊東楓,"伊东枫 , Kaede Ito",,1993-10-18,天秤座,B,160,0,,日本 富山县,主播,看比赛、旅行
33,山木梨沙,Risa Yamamoto,,1997-10-14,天秤座,B,0,0,,日本 东京都,偶像,卡拉OK、漫画、骑马
34,福永幸海,Sachimi Fukunaga, さちみん、姫 ,1985-08-27,处女座,A,163,0,B88(E) W59 H87,日本 埼玉县,演员、写真偶像,唱歌、棒球、骑马
35,二宮さくら,"二宫樱子 , Ninomiya Sakura",,1995-04-19,白羊座,A,159,0,B95 W64 H90,日本 福岛县,偶像,料理、卡拉OK
36,若尾綾香,"若尾绫香 , Ayaka Wakao",,1989-08-04,狮子座,B,168,0,B87(F) W56 H85,日本 山梨县,演员、模特,看电影、瑜伽、看比赛、旅行
37,深川舞子,Maiko Fukagawa,,1999-07-05,巨蟹座,B,159,0,,日本 福冈县,偶像、歌手,做糕点
38,西野早耶,Saya Nishino,,1999-10-07,天秤座,B,161,0,,日本 千叶县,偶像,料理、舞蹈、卡拉OK
39,樋井紅陽,"樋井红阳 , Hinoi Asahi",,2000-06-16,双子座,O,166,0,B88(E) W60 H86,日本 大阪府,模特、写真偶像,高尔夫、自拍
40,日比麻音子,Maoko Hibi,,1993-07-05,巨蟹座,O,157,0,,日本 东京都大田区,主播,电影、美食
41,佐藤灯,Akari Sato,,1988-10-16,天秤座,,165,0,B94(G) W66 H94,日本 青森县,模特,摄影、 油画、声乐、滑雪
42,中田クルミ,Kurumi Nakata,,1991-12-21,射手座,O,168,48,B81(B) W58 H84,日本 栃木县,演员、模特,滑雪、古典芭蕾、书道、DJ
43,織川みか,"织川美加 , Mika Orikawa",,1997-04-26,金牛座,O,155,0,B91(G) W60 H90,日本 北海道,写真偶像,游泳
44,小山田経子,"小山田怪子 , Oyamada Keiko",,1978-05-29,双子座,A,158,0,B83 W60 H86,日本 山口县,行政书士、LEC讲师,收集眼镜、游览名胜
45,矢野安奈,Anna Yano, ANNA ,1992-12-25,魔羯座,O,158,40,B78 W57 H79,日本 埼玉县,时装模特,音乐
46,原あや香,"原彩香 , Hara Ayaka",,1995-12-13,射手座,B,168,0,B84 W63 H90,日本 埼玉县,模特、写真偶像,电影、拳击、排球、在家跳舞
47,近藤みやび,"近藤雅 , Miyabi Kondo",,1993-07-30,狮子座,AB,169,0,B85 W60 H86,日本 埼玉县,模特、赛车女郎,保龄球、舞蹈
48,赤木ゆう,"赤木优 , Akagi Yu",,1989-03-29,白羊座,O,160,0,B87 W58 H88,日本 千叶县,演员,做鱼、料理
49,山口菜緒,"山口菜绪 , Nao Yamaguchi",,1989-05-20,金牛座,A,154,0,B90(H) W63 H88,日本 北海道,模特、写真偶像,美术馆、音乐、电影
50,三城千咲,Chisaki Miki, ちぃちゃん ,1989-11-26,射手座,A,166,0,B85 W58 H87,日本 鹿儿岛县奄美大岛,模特、赛车女郎,电影、钢琴、小号
51,稀水こはく,Kohaku Kimizu,,1990-08-23,处女座,A,154,0,B88(E) W58 H86,日本 福岛县,写真偶像,料理、阅读、游戏、漫画
52,長月翠,"长月翠 , Midori Natsuki",,2000-05-17,金牛座,,159,0,B89(G) W65 H86,日本 东京都,写真偶像,
53,冴季澪,Rei Saeki,,0000-00-00,,,168,0,B96(H) W60 H90,日本 东京都,车模、写真偶像,占卜
54,藤北れな,"藤北玲奈 , Rena Fujikata",,1995-06-06,双子座,,152,0,B78 W53 H80,日本 东京都,偶像,读书
55,柚月一葉,"柚月一叶 , Kazuwa Yuzuki",,1995-06-12,双子座,O,160,0,B88(F) W60 H88,日本 东京都,写真偶像,滑雪、动画、钓鱼、料理
56,葵井えりか,"葵井绘里香 , Aoi Erika",,1992-02-05,水瓶座,O,164,0,B82 W58 H89,日本 爱媛县,模特、赛车女郎,散步、购物
57,岡村いずみ,Izumi Okamura,,1989-12-25,魔羯座,AB,150,0,,日本 神奈川县,演员、模特,卡拉OK、看电影
58,一ノ瀬未菜美,"鮭山未菜美 , Minami Ichinose",,1993-09-02,处女座,O,157,0,B88 W64 H88,日本 京都府,演员、写真偶像,看书、美食、唱歌、旅游
59,鈴木茜音,"铃木茜音 , Akane Suzuki",,1998-12-28,魔羯座,A,155,0,,日本 三重县,偶像,
60,太田和さくら,"太田和樱子 , Sakura Otawa",,2000-02-03,水瓶座,O,160,0,B82 W64 H83,日本 千叶县,写真偶像,料理、打扫房间
61,陽向さえか,Saeka Hinata, さえぽん ,1992-09-09,处女座,O,160,0,B78(C) W57 H82,日本 大阪府大阪市,艾薇女优,
62,海老沼さくら,"海老沼樱 , Sakura Ebinuma",,1998-11-18,天蝎座,O,169,0,B82 W60 H87,日本 神奈川县,模特,瑜伽、散步、电影、音乐、半身浴
63,今井蜜月,Imai Mitsuki,,1991-03-28,白羊座,,151,0,B76 W58 H82,日本 东京都,写真偶像,
64,岩垂かれん,"岩垂花恋 , Karen Iwadare",,1993-12-24,魔羯座,B,161,0,,日本 东京都,滑雪运动员、解说员,滑雪
65,能見真優華,"能见真优华 , Mayuka Noumi",,1993-01-04,魔羯座,,164,0,,日本 神奈川县,模特,电影、漫画、购物、岩盘浴、咖啡馆
66,神田美晴,Miharu Kanda,,1992-11-29,射手座,A,151,0,B92(H) W62 H90,日本 秋田县,写真偶像,体育、书道、旅行
67,松岡音々,"松冈音音 , Nene Matsuoka",,1988-07-06,巨蟹座,A,168,0,B80(B) W58 H85,日本 广岛县,演员、模特,看电影、跳水
68,渡辺さとみ,"渡边聪美 , Satomi Watanabe",,1995-11-26,射手座,,152,0,B100(I) W63 H92,日本 东京都,艾薇女优,卡拉OK、看电影
69,池田美優,"池田美优 , Miyu Ikeda", みちょぱ ,1998-10-30,天蝎座,A,166,0,B71 W54 H76,日本 静冈县浜松市,模特,听音乐
70,田中みか,"田中美加 , Mika Tanaka",,1992-08-21,狮子座,A,150,0,B87 W60 H85,日本 东京都,写真偶像,日式糕点
71,石川千裕,Chihiro Ishikawa,,1998-12-15,射手座,O,0,0,,日本 东京都,模特,跳舞、化妆
72,鈴川さや,"铃川沙耶 , Suzukawa Saya",,1996-10-17,天秤座,A,159,0,B88 W63 H89,日本 东京都,写真偶像,新体操
73,三船美佳,Mika Mifune, 美佳ちゃん ,1982-09-12,处女座,O,160,0,B82 W62 H88,日本 东京都,演员、模特,骑马、篮球、排球、音乐
74,阿部純子,"阿部纯子 , Junko Abe", 吉永淳 ,1993-05-07,金牛座,,161,0,B74 W57 H82,日本 大阪府,演员、时装模特,有氧潜水、钢琴、长笛
75,笹本結愛,"笹本结爱 , Yurara Sasamoto",,1994-10-14,天秤座,,163,0,B86(E) W55 H85,日本 东京都,艾薇女优,听音乐
76,柚月彩那,Ayana Yuzuki,,1993-03-12,双鱼座,A,149,0,B86(G) W59 H83,日本 千叶县,写真偶像,购物、咖啡馆、做点心
77,溝口恵,"沟口惠 , Megumi Mizoguchi",,1994-07-08,巨蟹座,A,164,0,B80 W58 H80,日本 佐贺县,模特、演员,新体操、漫画
78,うさまりあ,Usa Maria, うさぴょん ,1993-03-20,双鱼座,B,161,0,B105(J) W75 H89,日本 东京都,写真偶像、艺人,马拉松、跳绳、看摔跤
79,柳美稀,Miki Yanagi,,1997-08-24,处女座,B,167,0,B77 W59 H84,日本 大阪府,演员、时装模特,布置房屋、水上自行车
80,高月彩良,Sara Takatsuki,,1997-08-10,狮子座,A,168,45,B81(D) W57 H82,日本 神奈川县,演员,游泳、钢琴、音乐
81,市島ゆかり,"市岛由佳里 , Yukari Ichishima",,1991-11-05,天蝎座,A,165,0,B81 W60 H83,日本 和歌山县,模特,漫画、动画、游戏
82,田辺あすか,"田边明日香 , Askchan",,1995-11-19,天蝎座,A,155,0,,日本 静冈县,写真偶像,
83,岩崎真奈,Iwasaki Mana,,1983-09-24,天秤座,O,158,0,B81 W57 H83,日本 东京都,写真偶像,料理、游泳、电影
84,山口瑠璃,Ruri Yamagu,,1999-03-16,双鱼座,O,153,0,,日本 茨城县,偶像、歌手,
85,髙木悠未,"高木悠未 , Yuumi Takaki",,1997-05-07,金牛座,B,147,0,,日本 福冈县,偶像,舞蹈
86,横井ほなみ,"横井保奈美 , Honami Yokoi",,1998-09-02,处女座,AB,162,45,B80 W57 H86,日本 静冈县滨松市,偶像、歌手,人间观察、独轮车
87,遠山茜子,"远山茜子 , Akane Toyama",,1998-01-06,魔羯座,,154,0,B83 W57 H86,日本 爱知县,模特,游泳、旅行
88,水上京香,Minakami Kyoka,,1995-12-03,射手座,B,165,0,,日本 滋贺县,演员,古典芭蕾、看电影
89,一色杏子,Kyoko Isshiki,,1998-03-24,白羊座,B,152,0,B86 W58 H87,日本 崎玉县,偶像,迪斯尼乐园、舞蹈、电影、杂志
90,蒼怜奈,"苍怜奈 , Rena Aoi ",,1993-04-12,白羊座,O,162,0,B87 W59 H86,日本 宫崎县,赛车女郎,钓鱼
91,藤木美咲,Misa Fujiki,,1993-09-13,处女座,B,166,0,B86(F) W59 H85,日本 福冈县,模特,
92,星野瑠奈,Runa Hoshino,,1993-03-29,白羊座,O,154,0,B85(F) W58 H83,日本 枥木县,写真偶像,
93,荒川優那,"荒川优那 , Una Arakawa",,1993-10-16,天秤座,A,158,0,B82 W58 H84,日本 熊本县,偶像、歌手,游戏、篮球、电车
94,愛沢えみり,Emiri Aizawa,,1988-09-01,处女座,B,164,0,B75 W57 H81,日本 神奈川县横滨市,模特、歌舞伎,购物、睡觉
95,手塚せいあ,Seia Tezuka,,1996-07-31,狮子座,,152,0,,日本 北海道,偶像、歌手,钢琴、卡拉OK
96,内山愛,"内山爱 , Ai Uchiyama",,1999-02-22,双鱼座,,0,0,,日本 东京都,演员、模特,
97,逢坂愛,"逢坂爱 , Megumi Aisaka", 逢坂さん ,1992-05-06,金牛座,A,150,0,B82(E) W54 H80,日本 宫城县,写真偶像,购物、游戏、动画、上网、篮球
98,来栖のぞみ,"来栖望 , Nozomi Kurusu",,0000-00-00,,B,152,0,B93(H) W63 H87,日本 千叶县,写真偶像,角色扮演、长笛、购物
99,西堀智美,Satomi Nishibori,,1997-08-28,处女座,,153,0,B91(G) W60 H88,日本 爱知县丰明市,写真偶像,料理、卡拉OK、排球
100,スミス楓,Smith Kaede,,1993-09-29,天秤座,A,159,0,B86 W58 H84,日本 神奈川县,模特,看电影
101,瀬戸ういか,Uika Seto,,1994-01-02,魔羯座,AB,161,0,B81 W59 H83,日本 香川县,赛车女郎,购物、芭蕾、跳舞
102,奥津マリリ,Mariri Okutsu,,1995-07-11,巨蟹座,O,149,0,B81 W57 H82,日本 神奈川县,艺人、写真偶像,
103,久保エイミー,"久保艾米 , Kubo Amy",,1990-09-10,处女座,A,166,0,B80 W60 H89,日本 长崎县,模特、赛车女郎,电影、读书、美甲、篮球、跑步
104,夏芽えれな,Erena Natsume,,1985-03-08,双鱼座,,165,0,B90(G) W60 H88,日本 神奈川县,模特、写真偶像,
105,真縞しまりす,"真缟花栗鼠 , Shimarimasi",,1995-10-08,天秤座,AB,154,0,,日本 东京都,Coser,角色扮演
106,雛菊つばさ,"雏菊翼 , Tsubasa Hinagiku",,1996-11-30,射手座,,150,0,B91(G) W54 H85,日本 东京都,艾薇女优,
107,島崎奈生,"岛崎奈生 , Nao Shimazaki",,1996-10-06,天秤座,AB,155,0,B93(H) W64 H87,日本 神奈川县,写真偶像,
108,村川絵梨,"村川绘梨 , Eri Murakawa",,1987-10-04,天秤座,A,163,0,,日本 大阪府旭区,演员,饺子、饼干
109,小林未来,Miki Kobayashi,,1988-01-10,魔羯座,B,163,0,B80 W60 H85,日本 秋田县,模特、赛车女郎,剑道初段
110,森ちあき,Chiaki Mori,,1993-09-23,天秤座,B,156,0,B87(F) W58 H88,日本 东京都,写真偶像,芭蕾
111,凰かなめ,"凰香奈芽 , Kaname Ootori",,1995-11-15,天蝎座,O,165,0,B83(C) W58 H81,日本 秋田县,艾薇女优,收集可爱的东西
112,森田ワカナ,Morita Wakana,,1995-02-19,双鱼座,A,164,0,B80 W60 H87,日本 东京都,模特,素描、日式糕点
113,白倉有紗,"白仓有纱 , Arisa Shirakura",,1992-03-23,白羊座,B,172,0,B87 W59 H88,日本 东京都,模特、车模,
114,飛鳥凛,"飞鸟凛 , Rin Asuka",,1991-03-28,白羊座,A,166,0,,日本 大阪府,演员,电影、听音乐
115,伊藤ゆみ,"伊藤由美 , Yumi Ito", ICONIQ 李亚由美 ,1984-08-25,处女座,,163,0,B85(F) W60 H89,日本 鸟取县,歌手、演员、作词,骑马、绘画
116,藍田愛,"蓝田爱 , Ai Aida",,1990-03-30,白羊座,A,168,0,B84(C) W59 H84,日本 爱知县,模特、赛车女郎、讲师,游泳
117,織田梨沙,"织田梨沙 , Risa Oda",,1995-11-12,天蝎座,O,162,0,B77 W59 H81,日本 千叶县,演员、模特,舞蹈、骑马、外语
118,村川杏寿,Anju Murakawa,,1995-06-03,双子座,A,158,0,B82(H) W58 H88,日本 兵库县,写真偶像,游泳、绘画
119,佐倉ねね,"佐仓宁宁 , Nene Sakura",,1996-11-11,天蝎座,,155,0,B95(H) W58 H88,,艾薇女优,读书
120,緒方友莉奈,"绪方友莉奈 , Yurina Ogata",,1993-08-30,处女座,O,171,0,B85(C) W58 H86,日本 福冈县,模特,料理、锻炼、绘画
121,瀧内公美,"泷内公美 , Kumi Takiuchi",,1989-10-21,天秤座,AB,166,0,B83 W62 H89,日本 富山县,演员,
122,佐野マリア,Maria Sano,,1991-03-18,双鱼座,A,168,0,B93 W62 H92,日本 鸟取县境港市,模特,生鱼片、刺身、料理
123,豊田真希,"丰田真希 , Maki Toyota ",,1996-11-30,射手座,O,165,0,,日本 千叶县,模特,散步、卡拉OK、羽毛球
124,土生瑞穂,Mizuho Habu,,1997-07-07,巨蟹座,A,171,0,,日本 东京都,偶像,看漫画
125,堀みづき,Mizuki Hori,,1993-02-07,水瓶座,O,163,0,,日本 山形县,模特、演员,美容、化妆、研究时装
126,祝茉莉,Syuku Mari,,0000-00-00,,,162,0,,日本 新潟县,偶像,电影
127,橋本愛花,"桥本爱花 , Aika Hashimoto",,1992-11-21,天蝎座,,164,0,B83 W57 H86,日本 福冈县,模特,读书、柔道
128,佐藤詩織,"佐藤诗织 , Shiori Satou",,1996-11-16,天蝎座,A,162,0,,日本 东京都,偶像、歌手,芭蕾、绘画、书道
129,水沢まい,"水泽舞 , Mai Mizusawa",,1991-05-02,金牛座,,167,0,B85(G) W55 H83,日本 大阪府,演员、模特,散步、音乐、舞蹈、保龄球、腹语术
130,八木莉可子,Rikaco Yagi,,2001-07-07,巨蟹座,A,169,0,B79 W64 H83,日本 滋贺县,模特、演员,读书、音乐、书道
131,蛯原メイ,"蛯原芽衣 , Mei Ebihara",,1996-01-24,水瓶座,A,173,0,B81 W59 H86,日本 千叶县,模特、赛车女郎,卡拉OK、画画
132,朝倉ゆり,"朝仓由里 , Yuri Asakura",,1993-11-02,天蝎座,A,157,0,,日本 秋田县,歌手,唱歌、踊舞、睡觉
133,鈴本美愉,"铃本美愉 , Miyu Suzumoto",,1997-12-05,射手座,AB,155,0,,日本 爱知县,偶像、歌手,料理、日式糕点
134,守屋茜,Moriya Akane,,1997-11-12,天蝎座,A,163,0,,日本 宫城县,偶像、歌手,野球、运动
135,璃乃,Rino,,1993-06-24,巨蟹座,A,162,0,B86 W60 H90,日本 群马县,模特、演员,购物、日式糕点
136,渡邉理佐,"渡边理佐 , Rika Watanabe",,1998-07-27,狮子座,O,163,0,,日本 茨城县,偶像、歌手,购物、睡午觉
137,葉月佐和,"叶月佐和 , Sawa Hazuki",,1992-08-14,狮子座,A,163,0,B88(G) W60 H90,日本 大阪府,歌手、模特,游戏、刷牙、料理
138,米谷奈々未,"米谷奈奈未 , Nanami Yoneya",,2000-02-24,双鱼座,B,157,0,,日本 大阪府,偶像,羽毛球、卡拉OK
139,長沢菜々香,"长泽菜菜香 , Nanako Wagasawa",,1997-04-23,金牛座,A,158,0,,日本 山形县,偶像,小提琴、料理
140,安藤咲桜,"安藤咲樱 , Sakura Andou",,2001-03-23,白羊座,,155,0,,日本 东京都,偶像、歌手,书道
141,三田ちとせ,"咲田朱里 , Akari Sakita",,1990-08-11,狮子座,,164,0,B90 W58 H84,日本 北海道,模特、舞台剧演员,照相、麻将、英语、马术、网球、游戏
142,小田さくら,"小田樱 , Sakura Oda",,1999-03-12,双鱼座,A,150,0,,日本 神奈川县座间市,歌手,
143,佐藤優樹,"佐藤优树 , Yuki Sato", まぁちゃん ,1999-05-07,金牛座,A,153,0,,日本 北海道,偶像歌手,钢琴、芭蕾、骑马
144,茅野愛衣,"茅野爱衣 , AI Kayano",,1987-09-13,处女座,O,153,0,,日本 东京都,声优、美容师,散步、咖啡馆
145,水瀬いのり,"水濑祈 , Inori Minase",,1995-12-02,射手座,B,154,0,B79(B) W57 H82,日本 东京都,演员、歌手、声优,动画、游戏、上网
146,日里麻美,Asami Hisato,,0000-00-00,,O,162,0,B88 W64 H86,日本 冈山县,演员、写真偶像,棒球
147,矢野優花,"矢野优花 , Yuuka Yano",,1998-01-06,魔羯座,A,157,0,,日本 宫崎县,演员,舞蹈、料理
148,綾瀬麗奈,"绫濑丽奈 , Reina Ayase", 坂口玲奈 ,1994-12-13,射手座,O,153,0,B88(G) W60 H83,日本 爱知县,偶像,日式糕点
149,長濱ねる,"长滨祢留 , Nagahama Neru", 长滨宁瑠 长滨宁琉 ,1998-09-04,处女座,O,157,0,,日本 长崎县,偶像、歌手,
150,原野愛弓,"原野爱弓 , Aimi Harano",,1995-07-05,巨蟹座,B,154,0,,日本 鹿儿岛县,模特,
151,松元千明,Chiaki Matsumoto,,1989-07-08,巨蟹座,AB,164,0,B93(G) W60 H87,日本 鹿儿岛县,写真偶像,角色扮演、戴假发
152,佐倉綾音,"佐仓绫音 , Ayane Sakura",,1994-01-29,水瓶座,B,157,0,,日本 东京都,声优、歌手,听收音机、绘画、唱歌
153,八武崎碧,"悠木碧 , Aoi Yuuki",,1992-03-27,白羊座,A,145,0,,日本 千叶县山武市,声优、歌手、演员,看书、绘画
154,木下綾菜,"木下绫菜 , Ayana Kinoshita",,1996-07-14,巨蟹座,A,161,42,B79 W58 H82,日本 埼玉县,演员、歌手、模特,爵士舞
155,傳谷英里香,"传谷英里香 , Erika Denya",,1995-11-02,天蝎座,B,157,0,B80 W53 H78,日本 千叶县,偶像、歌手,电影、音乐、钢琴、游泳
156,加藤葵,Aoi Kato,,1991-05-13,金牛座,,165,0,B80 W59 H85,日本 北海道,演员,料理
157,稲場愛香,"稻场爱香 , Manaka Inaba",,1997-12-27,魔羯座,B,0,0,,日本 北海道,偶像,音乐、电影、电视剧
158,原満莉菜,"原满莉菜 , Marina Hora",,0000-00-00,,,165,0,,日本 东京都,写真偶像,
159,凯莉葩缪葩缪,"卡莉怪妞 , Kyary Pamyu Pamyu", 竹村桐子 ,1993-01-29,水瓶座,B,158,0,B87(E) ,日本 东京都西东京市,歌手、时装模特,音乐、高尔夫
160,坂口杏里,"坂口杏理 , Anri Sakaguchi",,1991-03-03,双鱼座,B,168,0,B80 W59 H88,日本 东京都,综艺演员,聊天、邮件、摔跤
161,瑛茉ジャスミン,"瑛茉茉莉 , Emma Jasmine", 近藤Emma ,1995-03-16,双鱼座,B,170,48,,日本 东京都,模特,料理、跳舞、电影、音乐
162,木村ユリヤ,Yuria Kimura,,2003-10-18,天秤座,,161,0,,日本 新潟县,模特,料理
163,根本凪,"根本风 , Nagi Nemoto",,1999-03-15,双鱼座,B,150,0,B88(G) W57 H85,日本 茨城县,偶像、歌手,照相、散步、绘画
164,吉﨑綾,"吉崎绫 , Aya Yoshizaki",,1996-06-03,双子座,B,150,0,B76 W55 H80,日本 福冈县,模特,看DVD
165,利水翔,Tsubasa Toshimizu,,1991-05-02,金牛座,A,169,46,B84 W58 H85,日本 兵库县,模特,足球、篮球
166,望月さとみ,"望月里美 , Satomi Mochizuki",,1990-04-14,白羊座,O,163,0,B80(C) W59 H78,日本 埼玉县,写真偶像,芭蕾、购物
167,今村ちか,Chika Imamura,,1986-09-16,处女座,A,163,0,B89 W59 H86,日本 群马县,模特,
168,ふしみ彩香,Saika Fushimi,,1991-09-07,处女座,O,158,0,B91(G) W61 H87,日本 千叶县,漫画家、写真偶像,美容
169,知念沙也樺,"知念沙也桦 , Sayaka Chinen", ちねんちゃん ,1992-01-26,水瓶座,A,161,0,B78 W57 H85,日本 冲绳县那霸市,时装模特,游泳、网球、瑜伽、DVD、散步
170,森下まい,"森下舞 , Morishita Mai",,1982-11-30,射手座,O,153,0,B83 W56 H86,日本 神奈川县,模特,日本舞踊、飞镖、长笛
171,小島みゆ,"小岛美优 , Miyu Kojima",,1993-05-12,金牛座,B,158,0,B85 W56 H85,日本 静冈县,模特、写真偶像,卡拉OK、漫画
172,石田紗英子,Saeko Ishida,,1980-05-12,金牛座,B,169,0,B83 W60 H85,日本 奈良县,自由广播员,演奏、历史
173,秋吉美来,Mirai Akiyoshi,,2000-03-27,白羊座,B,151,0,B86 W59 H85,日本 静冈县,写真偶像,音乐、剑道
174,並木塔子,Touko Namiki,,1981-02-04,水瓶座,,162,0,B77 W65 H94,日本 东京都,艾薇女优,
175,中尾有伽,Yuka Nakao,,1996-09-13,处女座,B,166,0,B84 W56 H86,日本 东京都,学生、模特,
176,田中優香,"田中优香 , Yuka Tanaka",,2000-06-07,双子座,AB,159,0,,日本 福冈县,偶像、歌手,音乐、唱歌
177,夏川椎菜,Shiina Natsukawa,,1996-07-18,巨蟹座,,158,0,,日本 千叶县,声优、歌手,
178,麻倉もも,"麻仓桃 , Momo Asakura",,1994-06-25,巨蟹座,O,156,0,,日本 福冈县,声优,十字绣、呼啦圈
179,阿部華也子,"阿部华也子 , Kayako Abe",,1996-06-18,双子座,B,165,0,,日本 大分县,自由播音员,音乐、卡拉OK
180,彩月みほ,Miho Satsuki,,1988-05-16,金牛座,A,164,0,B87 W55 H86,日本 东京都,模特,运动、电影
181,阿川りほ,"阿川里穗 , Riho Agawa ",,1997-10-10,天秤座,B,158,0,B83(C) W58 H82,日本 东京都,艾薇女优,体育
182,伊藤千由李,Chiyuri Ito,,1998-01-24,水瓶座,A,155,0,,日本 爱知县,偶像、歌手,高尔夫、唱歌、舞蹈
183,トミタ栞,"富田栞 , Shiori Tomita",,1994-02-01,水瓶座,AB,152,0,,日本 岐阜县高山市,偶像、歌手,
184,有坂美緒,"有坂美绪 , Mio Arisaka",,2001-12-26,魔羯座,O,164,0,B80 W64 H88,日本 东京都,写真偶像,羽毛球
185,森咲樹,"森咲树 , Saki Mori",,1993-10-12,天秤座,O,163,0,,日本 静冈县,偶像,写信
186,桐生美希,Miki Kiryu,,1993-12-09,射手座,A,163,0,B90 W62 H89,日本 崎玉县,写真偶像,漫画、唱歌、习字
187,羽入悠栞,Yuka Haneiri,,1992-06-06,双子座,B,155,0,B90(F) W60 H86,日本 东京都,演员、模特,游泳
188,早見あかり,"早见朱莉 , Akari Hayami",,1995-03-17,双鱼座,A,165,45,,日本 东京都,演员、模特,跳舞、美甲、书道
189,火将ロシエル,Roshieru Kasyou,,1995-06-19,双子座,A,156,0,,日本 崎玉县,Coser,料理、角色扮演
190,神坂琉菜,Luna Kamisaka,,1995-09-26,天秤座,AB,160,0,,日本 东京都,Coser、模特,料理、游戏、舞蹈
191,肉球あやと,Ayato Paw,,1995-10-29,天蝎座,O,161,0,,日本 大阪府,Coser,
192,柏木ひなた,"柏木日向 , Hinata Kashiwagi",,1999-03-29,白羊座,B,156,0,,日本 千叶县,歌手、演员,嘻哈舞
193,谷口めぐ,"谷口惠 , Megu Taniguchi",,1998-11-12,天蝎座,A,159,0,,日本 东京都,偶像、歌手,音乐
194,栗原みさ,"栗原美纱 , Misa Kurihara",,1990-11-27,射手座,O,148,0,B85(E) W62 H86,日本 鹿儿岛县,写真偶像,看电影、弹钢琴
195,有安杏果,Momoka Ariyasu,,1995-03-15,双鱼座,A,148,0,,日本 崎玉县富士见市,歌手、演员,唱歌、音乐、料理
196,藤本結衣,"藤本结衣 , Yui Fujimoto", ゆいち ,1995-01-22,水瓶座,O,158,0,B83 W59 H87,日本 东京都,歌手,电视剧、漫画、料理
197,小澤らいむ,Raimu Ozawa,,1993-04-27,金牛座,O,160,0,B93(G) W58 H86,日本 兵库县,写真偶像,逗猫、游戏、Cosplay
198,牧野結美,"牧野结美 , Yumi Makino",,1990-01-18,魔羯座,B,165,0,,日本 大阪府,播音员、主持人,收集北欧餐具、瑜珈、网球
199,今永さな,"今永纱奈 , Sana Imanaga ",,1996-02-09,水瓶座,,164,0,B89(G) W58 H88,日本 长野县,艾薇女优,泡温泉
200,星咲くるみ,"星咲久留美 , Kurumi Hoshizaki",,1991-05-29,双子座,B,148,0,B86(D) W61 H83,日本 大阪府,写真偶像,古典芭蕾
201,砂月馨,Kei Saduki,,1993-03-16,双鱼座,A,173,0,B95(F) W66 H93,日本 东京都,Coser,角色扮演
202,早川実季,"早川实季 , Miki Hayakawa",,1991-12-06,射手座,,167,0,B76 W58 H87,日本 爱知县,模特,书道
203,本郷杏奈,"本乡杏奈 , Anna Hongo",,1991-10-17,天秤座,O,165,0,,日本 北海道,写真偶像,
204,中水あゆみ,"中水步美 , Ayumi Nakamizu",,1987-08-31,处女座,B,163,0,B96(H) W60 H96,日本 千叶县,歌手、模特、俳优,作词、电影
205,畠山愛理,"畠山爱理 , Airi Hatakeyama",,1994-08-16,狮子座,O,170,46,,日本 东京都,运动员、体操选手,体操
206,二宮芽生,"二宫芽生 , Meu Ninomiya",,1992-07-20,巨蟹座,O,158,0,B83 W58 H87,日本 冲绳县,演员,戏剧、美食、唱歌、钢琴、料理、水彩画
207,さくらみゆき,"樱美雪 , Miyuki Sakura",,1996-12-01,射手座,AB,155,0,B83(C) W58 H89,日本 岐阜县,艾薇女优,网篮
208,朝比奈祐未,Yumi Asahina,,1993-12-09,射手座,,162,0,B89(G) W57 H89,日本 东京都,模特、Coser,写真、角色扮演
209,菅井美沙,Misa Sugai,,1995-05-01,金牛座,,153,0,B80 W50 H80,日本 广岛县,学生,料理、软体
210,新月さなえ,"新月早苗 , Sanae Niizuki ",,1996-08-08,狮子座,A,151,0,B98(K) W60 H90,日本 东京都,艾薇女优,
211,岡田結実,"冈田结实 , Yui Okada",,2000-04-15,白羊座,B,158,0,B80 W56 H80,日本 大阪府,模特,音乐
212,新田恵海,"新田惠海 , Emi Nitta",,1985-12-10,射手座,B,153,0,,日本 长野县长野市,声优、歌手、演员,咖啡厅、卡拉OK、献血、恐龙
213,佐々野愛美,"佐佐野愛美 , Ami Sasano",,1998-01-18,魔羯座,O,154,0,B88(F) W59 H92,日本 东京都,写真偶像,角色扮演、运动、动画、漫画、游戏
214,椿原愛,"椿原爱 , AI Tsubakihara",,1992-05-26,双子座,B,163,0,B83(F) W58 H84,日本 富山县,演员、模特,料理、购物、喝酒、旅行
215,本田麻里絵,"本田麻里绘 , Marie Honda",,1986-12-12,射手座,AB,167,50,,日本 东京都,模特,旅行、韩语、汉语、英语
216,浅美結花,"浅美结花 , Yuka Asami ",,1993-01-05,魔羯座,O,160,0,B110(H) W61 H88,日本 神奈川县,艾薇女优,吹奏乐、料理
217,早瀬みる,Miho Hayase,,1994-12-24,魔羯座,AB,163,0,,日本 爱知县名古屋市,Coser,角色扮演
218,岸谷優里枝,"岸谷优里枝 , Niyurie Kishita",,1985-02-21,双鱼座,O,155,0,B92(F) W57 H90,日本 东京都,模特,占卜、心理学
219,後藤田えみ,"后藤田惠美 , Emi Gotoda",,1996-06-18,双子座,,162,0,B115(K) W69 H92,日本 东京都,写真偶像,游戏、电影、游泳
220,武田あやな,Ayana Takeda,,1995-04-07,白羊座,B,158,0,B78 W58 H80,日本 东京都,模特,音乐、绘画
221,ひばり乃愛 ,"云雀乃爱 , Hibari Noa",,1996-12-13,射手座,O,154,0,B86 W59 H85,日本 群马县,艾薇女优,购物、读书、辩论
222,後藤萌咲,"后藤萌咲 , Moe Goto",,2001-05-20,金牛座,O,162,0,,日本 爱知县,偶像、歌手,唱歌、舞蹈
223,小川あん,"小川杏 , Ann Ogawa",,1998-03-29,白羊座,O,160,0,B74 W58 H84,日本 东京都,演员,读书、看电影、足球、烤肉
224,飛鳥りん,"飞鸟铃 , Rin Asuka ", 嶋本りん ,1997-01-08,魔羯座,,150,0,B86(E) W54 H85,日本 京都府,写真偶像,料理、动画、研究地图
225,青木珠菜,Jiyuna Aoki,,1999-06-25,巨蟹座,A,169,0,B85 W62 H87,日本 神奈川县,演员、偶像,算盘、绘画、钢琴
226,水澤りこ,"水泽莉子 , Riko Mizusawa",,1996-12-27,魔羯座,,157,0,B90(F) W60 H90,日本 东京都,艾薇女优,料理、体操
227,今泉佑唯,Yui Imaizumi,,1998-09-30,天秤座,O,154,0,,日本 神奈川县,偶像,钢琴、长笛、呼啦圈
228,森乃美紅,"榊原美紅 , Miku Sakakibara",,1995-04-26,金牛座,AB,167,0,B80 W57 H84,日本 东京都,时装模特、演员,古典芭蕾、钢琴、珠算、点心
229,結菜えま,"结菜绘麻 , Ema Yuina",,1994-06-03,双子座,,166,0,B88(F) W59 H89,日本 秋田县,艾薇女优,料理
230,小林由依,Yui Kobayashi,,1999-10-23,天秤座,A,163,0,,日本 崎玉县,偶像,乐器
231,潮崎ミア,Mia Shiozaki ,,1995-10-21,天秤座,,162,0,B89(E) W59 H87,日本 东京都,艾薇女优,
232,長沢裕,"长泽裕 , Yuu Nagasawa",,1993-11-23,射手座,A,160,50,,日本 福岛县,自由播音员、演员,田间作业
233,彩奈つばさ,"彩奈翼 , Tsubasa Ayana ",,1994-08-29,处女座,O,163,0,B84(D) W59 H86,日本 宫城县,艾薇女优,DIY、购物
234,小正裕佳子,Yukako Komasa,,1983-05-17,金牛座,A,163,0,,日本 兵库县宝塚市,播音员、主持人,篮球
235,吉田里深,Satomi Yoshida,,1979-08-05,狮子座,B,163,0,B86(E) W60 H86,日本 东京都,写真偶像,读书
236,久保田紗友,"久保田纱友 , Sayu Kubota",,2000-01-18,魔羯座,B,157,43,B79(B) W57 H80,日本 北海道札幌市,演员,DVD、音乐、舞蹈、料理
237,渡辺梨加,"渡边梨加 , Rika Watanabe",,1995-05-16,金牛座,,165,0,,日本 茨城县,偶像,钢琴、购物
238,椎木里佳,Rika Shiiki,,1997-11-21,天蝎座,A,152,43,B82(B) W57 H85,日本 东京都千代田区,学生、实业家,购物、读书
239,楢葉桃菜,"ももな , Momona", モモナ ,1994-05-17,金牛座,AB,161,0,B87 W56 H85,日本 东京都,模特、演员,古典芭蕾、hip-hop舞、钢琴
240,谷まりあ,Maria Tani,,1995-07-28,狮子座,B,160,0,B83 W60 H80,日本 东京都,演员、 模特,音乐、排球
241,水稀みり,"水稀美里 , Miri Mizuki",,1996-05-06,金牛座,,155,0,B83(C) W53 H88,日本 京都府,艾薇女优,卡拉OK
242,山賀琴子,"山贺琴子 , Kotoko Yamaga",,1995-01-23,水瓶座,A,160,0,,日本 北海道旭川市,学生、模特,电影、跑步、跳水、旅行
243,原田徳子,Noriko Harada, のりのり ,1970-01-08,魔羯座,O,164,0,B86 W59 H87,日本 石川县七尾市,歌手,羽毛球、马拉松
244,小池彩夢,"彩梦 , Ayu",,1995-02-13,水瓶座,A,56,0,,日本 三重县,演员,看书、韩语、书道、遛狗、独轮车
245,星優姫,"星优姬 , Yuuki Xchuu",,1994-06-04,双子座,O,151,0,B83 W59 H84,日本 大阪府,偶像,人间观察、垒球
246,大塚みつき,Mitsuki Otsuka,,1992-11-25,射手座,A,157,0,B80 W57 H85,日本 大阪府,写真偶像,艺术、水彩画
247,泉美桜,"泉美樱 , Sakura Izumi",,1993-03-23,白羊座,O,161,0,B87 W63 H89,日本 山梨县,偶像,
248,生田佳那,Takana Iku, いくたん ,1991-12-18,射手座,B,150,0,B81 W60 H80,日本 长野县松本市,演员、模特、司机,自行车、运动
249,舞希セナ,"舞希Sena , Sena Maiki",,1987-05-02,金牛座,A,162,0,B90(G) W58 H88,日本 静冈县,写真偶像,滑雪、高尔夫、岩盘浴
250,渡辺舞,"渡边舞 , Mai Watanabe",,1989-01-25,水瓶座,O,170,0,B84 W58 H83,日本 埼玉县鸿巢市,演员,电影、锻炼
251,秋月心音,Kokone Akizuki,,1995-09-16,处女座,O,156,0,B83(D) W60 H88,日本 千叶县,艾薇女优,购物、料理、电影
252,園都,"园都 , Miyako Sono",,1992-11-05,天蝎座,B,155,0,B89 W64 H88,日本 德岛县,写真偶像,温泉、料理、遛狗
253,窪田美沙,Misa Kubota,,1994-03-25,白羊座,A,154,0,B76 W60 H81,日本 京都府,歌手,钢琴
254,永井理子,Michiko Nagai,,1997-12-21,射手座,A,157,0,,日本 爱知县,学生、模特,研究服装、宠物
255,白石真琴,Makoto Shiraishi,,1998-11-20,天蝎座,,163,0,B92(G) W60 H88,,艾薇女优,
256,金田彩奈,Ayana Kaneda,,1989-12-20,射手座,O,166,0,B79(E70) W58 H80,日本 宫城县,演员、模特,做点心，散步
257,渡邉幸愛,"渡边幸爱 , Yukie Watanabe",,1998-03-17,双鱼座,A,158,0,,日本 宫城县,偶像、歌手,看电影
258,神里真優,"神里真优 , Mayu kamisato",,1997-11-05,天蝎座,B,149,0,,日本 冲绳县,学生、模特,音乐、糕点
259,雪白かん菜,"雪白柑菜 , Kanna Yukishiro",,1995-11-01,天蝎座,,163,0,B87(D) W58 H88,日本 崎玉县,艾薇女优,网购
260,夏目芽依,Mei Natsume,,1991-03-30,白羊座,O,160,0,B95(G) W59 H95,日本 新潟县,写真偶像,美食、点心、卡拉OK、遛狗、电影
261,松下美織,"松下美织 , Miori Matsushita",,1995-08-06,狮子座,B,168,0,B90(F) W68 H90,日本 东京都,艾薇女优,购物、按摩
262,水沢りお,"水泽里绪 , 水沢りお",,1997-11-29,射手座,AB,150,0,B90 W60 H85,日本 东京都,写真偶像,乳酪
263,高山まりこ,"高山麻里子 , Mariko Takayama",,0000-00-00,,B,163,0,B80 W60 H83,日本 千叶县,写真偶像,收集人偶、养花
264,高田秋,Shu Takada,,1991-09-23,天秤座,A,166,0,B78 W58 H80,日本 北海道函馆市,时装模特,艺术鉴赏、独奏独唱
265,吉田沙世,Sayobaby,,1990-02-08,水瓶座,A,160,0,B73 W55 H78,日本 爱知县名古屋市,模特,
266,藤澤やよい,"藤泽弥生 , Yayoi Fujisawa",,1989-07-06,巨蟹座,A,151,0,B82 W58 H84,日本 神奈川县,写真偶像,半身浴、长笛、钢琴、动画
267,鈴原みりあ,"铃原美里亚 , Miria Suzuhara ",,1996-04-08,白羊座,,147,0,B90(G) W60 H90,日本 东京都,艾薇女优,
268,RaMu,RaMu,,1997-07-31,狮子座,A,148,0,B90(F) W58 H80,日本 崎玉县,偶像,
269,萩野梨奈,Rina Hagino,,1991-10-03,天秤座,B,160,0,B92 W59 H87,日本 北海道,写真偶像,油画、日本舞踊
270,新城真奈美,Manami Shinjyou,,1992-12-27,魔羯座,O,165,0,B85 W59 H86,日本 东京都涉谷区,写真偶像,飞镖、旅行、购物
271,戸咲七海,"户咲七海 , Nanami Tosaki",,1993-03-10,双鱼座,B,156,0,B100 W60 H87,日本 东京都,写真偶像,动画、游戏、cosplay、迪斯尼
272,花園みゆか,"花园美由夏 , Miyuka Hanazono",,1996-12-12,射手座,,150,0,B85 W58 H84,日本 东京都,艾薇女优,
273,椎名里奈,Rina Shiina,,1995-02-24,双鱼座,A,163,0,,日本 东京都,写真偶像,
274,高畑充希,Takahata Mitsuki,,1991-12-14,射手座,AB,158,46,B80 W60 H85,日本 大阪府大阪市,演员、歌手,读书、美食、舞台剧
275,羽咲みはる,"羽咲美晴 , Miharu Usa ", 西永嶺花 ,1992-03-03,双鱼座,A,151,0,B86(F) W60 H83,日本 广岛县,艾薇女优,音乐
276,平手友梨奈,Yurina Hirate,,2001-06-25,巨蟹座,O,165,0,,日本 爱知县,偶像,听歌、跳舞、侧手翻、篮球
277,高田千尋,"高田千寻 , Chihiro Takada",,1985-04-16,白羊座,AB,162,0,B88 W63 H82,日本 青森县青森市,搞笑艺人,软式野球、羽毛球、五人制足球
278,宮澤エマ,Emma Miyazawa,,1988-11-23,射手座,O,156,0,B84 W56 H85,日本 东京都文京区,舞台剧演员,钢琴、听音乐
279,紗々原ゆり,"纱纱原百合 , Yuri Sasahara",,1992-08-15,狮子座,,160,0,B86(D) W59 H82,日本 东京都,艾薇女优,篮球、绘画
280,田邊ゆな,"田边由奈 , Yuna Tanabe",,1992-02-14,水瓶座,A,163,0,B87 W60 H92,日本 新潟县,写真偶像,户外、甜点
281,今宮いずみ,"今宫泉 , Izumi Imamiya ",,1996-12-22,魔羯座,A,155,0,B86(E) W57 H88,日本 富山县,艾薇女优,剑道三段
282,橋本ありな,"桥本有菜 , Arina Hashimoto",,1996-12-15,射手座,A,166,0,B83(C) W56 H83,日本 东京都,艾薇女优,遛狗
283,涼海みさ,"凉海美沙 , Misa Suzumi",,1997-02-01,水瓶座,B,151,0,,日本 宫崎县,艾薇女优,裁缝、做衣服
284,富野伊織,"富野伊织 , Iori Tomino ",,1983-11-30,射手座,,161,0,B90(F) W60 H88,日本 东京都,艾薇女优,
285,成田麗,"成田丽 , Rei Narita",,1986-10-30,天蝎座,,160,0,B94(G) W60 H87,日本 东京都,艾薇女优,
286,舞島あかり,"舞岛明里 , Akari Maishima",,1995-05-20,金牛座,,163,0,B85(D) W58 H85,日本 兵库县,艾薇女优,做糕点、岩盘浴
287,松尾友加里,Yukari Matsuo,,1992-08-07,狮子座,B,164,0,,日本 广岛县,演员、模特,运动、迪斯尼、料理
288,中村推菜,Oshina Nakamura,,1988-11-19,天蝎座,,175,0,B95(G) W61 H91,日本 东京都,艾薇女优,运动、瑜伽
289,福田もか,"福田摩卡 , Moka Hukuda",,1994-04-30,金牛座,O,154,0,,日本 兵库县神户市,Coser、模特,摄影、卡拉OK
290,石原ゆうか,"石原优香 , Yuuka Ishihara",,1995-11-30,射手座,,165,0,B88(F) W63 H92,日本 东京都,艾薇女优,
291,加藤紗里,"加藤纱里 , Sari Kato",,1990-06-19,双子座,O,163,0,B88(G) W56 H81,日本 广岛县,时装模特、演员,角色扮演
292,市川まさみ,"市川雅美 , Masami Ichikawa",,1991-07-10,巨蟹座,,162,0,B81(C) W61 H91,日本 东京都,艾薇女优,音乐、美容、游泳
293,福森つかさ,Tsukasa Fukumori,,1995-09-06,处女座,A,154,0,B85 W57 H83,日本 大阪府,写真偶像,钓鱼、购物、滑雪
294,和泉里沙,Risa Izumi,,1988-03-31,白羊座,,166,0,B88(F) W60 H88,日本 东京都,运动员、体操选手,
295,ゆいかまな ,"由花爱菜 , Mana Yuika",,0000-00-00,,,0,0,B84(C) W58 H82,日本 东京都,艾薇女优,游戏
296,西野希,Nishino Nozomi,,1997-03-21,白羊座,A,150,0,B83(C) W57 H85,日本 千叶县,艾薇女优,购物、体育、书道8段
297,斎藤夏美,"夏美 , Natsumi",,1989-07-25,狮子座,B,167,0,B82 W58 H86,日本 大阪府,模特,旅行、冲浪、钓鱼、英语、体育
298,綾瀬みおり,"绫濑美织 , Miori Ayase ", 橘みおり ,1991-11-06,天蝎座,A,156,0,B86(D) W56 H87,日本 东京都,艾薇女优,卡拉OK、足球
299,逢坂南,Minami Aisaka,,1994-10-26,天蝎座,AB,156,0,B88(G) W59 H85,日本 千叶县,写真偶像,唱歌、化妆
300,緒奈もえ,"绪奈萌 , Moe Ona ",,0000-00-00,,,0,0,,,艾薇女优,
307,倉橋のぞみ,"仓桥望, Nozomi Kurahashi","吉沢 あゆみ, yumi Yoshizawa",1975-05-12,金牛座,,0,0, ,日本 东京都,写真偶像,NA
